,Najboljsi nakljucno,Casi najboljsi nakljucno,CLP,Casi CLP,Najboljsi lokalno iskanje,Casi najboljsi lokalno iskanje,Nakljucni lokalno iskanje,Casi nakljucni lokalno iskanje
0,9,0.01839303970336914,9,0.025838136672973633,9,0.0003459453582763672,10,0.006452083587646484
1,8,0.017778873443603516,9,0.010699987411499023,8,0.0003170967102050781,9,0.005734920501708984
2,8,0.018004894256591797,9,0.011131763458251953,8,0.0003173351287841797,10,0.00612187385559082
3,11,0.016499996185302734,11,0.005341053009033203,11,0.0003399848937988281,10,0.005786895751953125
4,9,0.018501758575439453,9,0.009261846542358398,9,0.0003540515899658203,11,0.006066083908081055
5,8,0.019154071807861328,9,0.0073621273040771484,9,0.00038886070251464844,10,0.006720066070556641
6,9,0.017179250717163086,10,0.006502866744995117,10,0.0003409385681152344,9,0.0059850215911865234
7,9,0.018676280975341797,9,0.009776115417480469,9,0.00036907196044921875,10,0.006325960159301758
8,8,0.016659975051879883,8,0.011294126510620117,8,0.0002999305725097656,10,0.006100893020629883
9,8,0.018750905990600586,8,0.009673833847045898,8,0.00036215782165527344,11,0.006519794464111328
10,8,0.018817901611328125,9,0.008688926696777344,8,0.0003528594970703125,11,0.00648808479309082
11,9,0.01856374740600586,9,0.010483026504516602,9,0.000347137451171875,10,0.006206989288330078
12,8,0.017550230026245117,9,0.00855875015258789,8,0.0003237724304199219,10,0.0060389041900634766
13,9,0.01985478401184082,9,0.009246110916137695,9,0.00039196014404296875,10,0.006664276123046875
14,9,0.018199920654296875,11,0.006107807159423828,11,0.0004241466522216797,10,0.006256103515625
15,9,0.018285036087036133,9,0.010612010955810547,9,0.00039196014404296875,10,0.006376981735229492
16,9,0.016938209533691406,9,0.007936954498291016,9,0.0003287792205810547,10,0.006150007247924805
17,10,0.015847206115722656,10,0.00583195686340332,10,0.0003159046173095703,11,0.005816221237182617
18,8,0.01798415184020996,9,0.007400989532470703,8,0.00032782554626464844,9,0.006047964096069336
19,9,0.018130064010620117,9,0.008030891418457031,9,0.0003619194030761719,10,0.006197690963745117
20,9,0.017395973205566406,11,0.006746053695678711,10,0.00035500526428222656,11,0.0059931278228759766
21,9,0.017384767532348633,9,0.01090693473815918,9,0.00033020973205566406,10,0.0064351558685302734
22,9,0.019609689712524414,9,0.009180068969726562,9,0.0003819465637207031,10,0.006501674652099609
23,8,0.017659902572631836,9,0.007525205612182617,8,0.00033402442932128906,11,0.006246089935302734
24,9,0.016645193099975586,9,0.0070209503173828125,9,0.0003120899200439453,10,0.006155967712402344
25,9,0.01777791976928711,9,0.008923053741455078,9,0.00033926963806152344,11,0.005800008773803711
26,10,0.01691412925720215,10,0.006558895111083984,10,0.0003190040588378906,10,0.005996227264404297
27,9,0.01740741729736328,9,0.008514881134033203,9,0.0003809928894042969,12,0.006187915802001953
28,9,0.017840862274169922,9,0.007131099700927734,9,0.0003819465637207031,11,0.006081104278564453
29,8,0.01739215850830078,8,0.010809898376464844,8,0.00032210350036621094,11,0.0060939788818359375
30,10,0.01773524284362793,10,0.008326053619384766,10,0.00036406517028808594,10,0.006289958953857422
31,9,0.01767873764038086,9,0.00906229019165039,9,0.0003428459167480469,10,0.006290912628173828
32,8,0.017210006713867188,9,0.006594657897949219,8,0.0002980232238769531,9,0.005842924118041992
33,8,0.01898193359375,8,0.010905265808105469,8,0.0003590583801269531,10,0.006376028060913086
34,10,0.01799607276916504,10,0.007508039474487305,10,0.0003578662872314453,10,0.006290912628173828
35,8,0.01796412467956543,8,0.00841665267944336,8,0.0003418922424316406,10,0.006052970886230469
36,9,0.017743825912475586,9,0.009672880172729492,9,0.0003349781036376953,11,0.0062427520751953125
37,8,0.01745009422302246,8,0.01061701774597168,8,0.000308990478515625,10,0.006155967712402344
38,8,0.017402172088623047,9,0.009376049041748047,8,0.0003211498260498047,10,0.006030082702636719
39,10,0.015683889389038086,10,0.006590843200683594,10,0.00030994415283203125,10,0.0057561397552490234
40,9,0.018231630325317383,9,0.008292198181152344,9,0.0003399848937988281,10,0.006100893020629883
41,9,0.018297910690307617,9,0.0063419342041015625,9,0.0003528594970703125,9,0.0060079097747802734
42,10,0.017727136611938477,10,0.008604049682617188,10,0.00034689903259277344,11,0.006075859069824219
43,9,0.01719212532043457,10,0.0070648193359375,10,0.00037026405334472656,11,0.00597691535949707
44,9,0.016649961471557617,9,0.009634017944335938,9,0.00031280517578125,12,0.005985736846923828
45,9,0.017204999923706055,9,0.008549928665161133,9,0.0003249645233154297,11,0.005922079086303711
46,10,0.016956806182861328,10,0.00723719596862793,10,0.0003368854522705078,10,0.006115913391113281
47,9,0.018069028854370117,10,0.0072460174560546875,9,0.0003829002380371094,10,0.006349086761474609
48,9,0.016926050186157227,9,0.010223150253295898,9,0.00033783912658691406,11,0.0060007572174072266
49,9,0.01668715476989746,9,0.008289813995361328,9,0.00030493736267089844,12,0.006300926208496094
50,7,0.019973039627075195,8,0.010496139526367188,7,0.0003762245178222656,9,0.0068149566650390625
51,9,0.018425941467285156,9,0.006851911544799805,9,0.00035881996154785156,11,0.006262063980102539
52,10,0.017342805862426758,10,0.005423069000244141,10,0.00033402442932128906,11,0.005986213684082031
53,9,0.01868581771850586,10,0.0065419673919677734,10,0.0003669261932373047,10,0.0062448978424072266
54,9,0.016648054122924805,9,0.009463071823120117,9,0.0003426074981689453,11,0.006329059600830078
55,8,0.019802093505859375,8,0.010954856872558594,8,0.0003631114959716797,10,0.006458282470703125
56,8,0.018483877182006836,9,0.008175134658813477,9,0.00038909912109375,11,0.006769895553588867
57,9,0.01789379119873047,9,0.00777888298034668,9,0.0003490447998046875,9,0.006201744079589844
58,10,0.016962051391601562,10,0.005687236785888672,10,0.0003421306610107422,11,0.0063478946685791016
59,9,0.017559051513671875,9,0.008613824844360352,9,0.0003209114074707031,10,0.006363868713378906
60,10,0.015902280807495117,10,0.006646871566772461,10,0.0003209114074707031,10,0.006166219711303711
61,9,0.017550945281982422,9,0.007071018218994141,9,0.00033736228942871094,9,0.005970954895019531
62,8,0.017728090286254883,10,0.0062258243560791016,9,0.0003540515899658203,9,0.0061969757080078125
63,10,0.017854928970336914,11,0.0057752132415771484,10,0.0003399848937988281,11,0.006248950958251953
64,10,0.01746511459350586,10,0.0060939788818359375,10,0.0003228187561035156,10,0.0061991214752197266
65,9,0.017457246780395508,9,0.0069959163665771484,9,0.00031685829162597656,12,0.006106853485107422
66,9,0.016989946365356445,9,0.0071642398834228516,9,0.00030612945556640625,10,0.00626683235168457
67,9,0.015820026397705078,9,0.008581876754760742,9,0.00029206275939941406,12,0.006211996078491211
68,9,0.017400026321411133,9,0.009139776229858398,9,0.00034809112548828125,10,0.006239891052246094
69,8,0.016304969787597656,9,0.009102106094360352,8,0.0003490447998046875,10,0.0062901973724365234
70,9,0.018580913543701172,9,0.009329080581665039,9,0.00035691261291503906,11,0.0068738460540771484
71,9,0.017589092254638672,10,0.006448984146118164,10,0.0003712177276611328,10,0.006429910659790039
72,10,0.0159909725189209,11,0.005318880081176758,11,0.0003490447998046875,10,0.0059947967529296875
73,8,0.0184938907623291,8,0.011989116668701172,8,0.00032401084899902344,9,0.006376028060913086
74,10,0.016937971115112305,10,0.007601022720336914,10,0.0003440380096435547,11,0.0060160160064697266
75,9,0.01653289794921875,10,0.006660938262939453,10,0.000347137451171875,11,0.006284952163696289
76,9,0.017445802688598633,10,0.007546186447143555,9,0.0003428459167480469,11,0.006528139114379883
77,8,0.018946170806884766,9,0.009156227111816406,9,0.00036716461181640625,10,0.006711006164550781
78,9,0.019199848175048828,9,0.009798049926757812,9,0.00038504600524902344,10,0.006742954254150391
79,8,0.01891922950744629,8,0.013656139373779297,8,0.0003819465637207031,9,0.0066890716552734375
80,9,0.017190933227539062,9,0.008285045623779297,9,0.00033092498779296875,9,0.006111860275268555
81,8,0.017283916473388672,8,0.012218952178955078,8,0.00031113624572753906,11,0.006048917770385742
82,11,0.01570606231689453,11,0.005892038345336914,11,0.0003173351287841797,10,0.005984306335449219
83,9,0.019626855850219727,9,0.007827997207641602,9,0.0003578662872314453,9,0.006594181060791016
84,9,0.016285181045532227,10,0.006175994873046875,9,0.0003421306610107422,11,0.0059452056884765625
85,9,0.016027212142944336,10,0.008652210235595703,9,0.0003619194030761719,12,0.006192922592163086
86,8,0.018452882766723633,8,0.010390043258666992,8,0.0004909038543701172,10,0.006532907485961914
87,9,0.016868114471435547,9,0.009785890579223633,9,0.00041985511779785156,11,0.005850076675415039
88,8,0.019659996032714844,8,0.01040792465209961,8,0.0004520416259765625,9,0.006563901901245117
89,9,0.017752885818481445,9,0.010812997817993164,9,0.00045800209045410156,10,0.006318092346191406
90,8,0.020625829696655273,8,0.009650230407714844,8,0.0005519390106201172,12,0.006851911544799805
91,8,0.017746925354003906,8,0.009960174560546875,8,0.0005049705505371094,10,0.0065119266510009766
92,8,0.017534971237182617,8,0.010241985321044922,8,0.0005183219909667969,9,0.006289005279541016
93,9,0.0171658992767334,10,0.006773948669433594,9,0.00044226646423339844,11,0.006410121917724609
94,9,0.017227888107299805,9,0.008436918258666992,9,0.0003800392150878906,11,0.006511211395263672
95,9,0.018044233322143555,9,0.008917093276977539,9,0.0004208087921142578,11,0.006503105163574219
96,8,0.017758846282958984,9,0.009490013122558594,9,0.0003762245178222656,10,0.006327152252197266
97,9,0.016305208206176758,10,0.007620811462402344,9,0.00032591819763183594,10,0.006150245666503906
98,8,0.01874089241027832,8,0.00918889045715332,8,0.00036716461181640625,10,0.0064411163330078125
99,9,0.01754903793334961,9,0.007337093353271484,9,0.0003540515899658203,10,0.006231784820556641
100,10,0.01614212989807129,10,0.006747007369995117,10,0.0003447532653808594,11,0.0059871673583984375
101,8,0.015750885009765625,9,0.010145187377929688,8,0.0003070831298828125,10,0.006025075912475586
102,10,0.01631474494934082,10,0.006753683090209961,10,0.0003380775451660156,11,0.005880117416381836
103,8,0.017035961151123047,8,0.009976863861083984,8,0.0003330707550048828,12,0.00635528564453125
104,8,0.01594400405883789,9,0.00799703598022461,9,0.0003452301025390625,10,0.00692296028137207
105,9,0.01800704002380371,9,0.007759809494018555,9,0.0003650188446044922,10,0.0070078372955322266
106,9,0.017861127853393555,9,0.008076906204223633,9,0.0003669261932373047,10,0.00658106803894043
107,8,0.019011974334716797,9,0.007950067520141602,8,0.0003719329833984375,9,0.006348133087158203
108,9,0.018623828887939453,10,0.010431051254272461,10,0.00043511390686035156,12,0.0066487789154052734
109,9,0.016293048858642578,9,0.010039091110229492,9,0.0005660057067871094,9,0.00611424446105957
110,8,0.018069028854370117,8,0.01207876205444336,8,0.00038814544677734375,10,0.006562709808349609
111,11,0.01404118537902832,11,0.0045087337493896484,11,0.00028705596923828125,10,0.005464076995849609
112,9,0.01831984519958496,9,0.008808135986328125,9,0.00037407875061035156,10,0.006500720977783203
113,8,0.019865036010742188,8,0.010618925094604492,8,0.0003876686096191406,10,0.006765127182006836
114,9,0.017299890518188477,9,0.009566068649291992,9,0.0003800392150878906,10,0.006068229675292969
115,8,0.019465208053588867,8,0.01004791259765625,8,0.00044798851013183594,10,0.006742954254150391
116,9,0.01705312728881836,9,0.010834932327270508,9,0.00034308433532714844,11,0.006115913391113281
117,8,0.017806053161621094,8,0.009467124938964844,8,0.0003561973571777344,9,0.00640106201171875
118,9,0.016968965530395508,10,0.006224870681762695,9,0.00032901763916015625,11,0.006202220916748047
119,9,0.018976211547851562,9,0.008476972579956055,9,0.0003981590270996094,12,0.006779909133911133
120,9,0.016292095184326172,10,0.006540060043334961,10,0.0003559589385986328,10,0.0059130191802978516
121,8,0.019675016403198242,8,0.010015249252319336,8,0.00038909912109375,10,0.00675201416015625
122,8,0.017514944076538086,9,0.007590770721435547,8,0.0003399848937988281,9,0.00634312629699707
123,9,0.017177820205688477,9,0.008594989776611328,9,0.0003466606140136719,10,0.006021022796630859
124,10,0.015930891036987305,10,0.007521867752075195,10,0.0003077983856201172,11,0.005747079849243164
125,9,0.016972064971923828,9,0.009180784225463867,9,0.0003299713134765625,9,0.00621795654296875
126,9,0.019623994827270508,9,0.008897066116333008,9,0.0004019737243652344,10,0.006975889205932617
127,9,0.01566004753112793,9,0.0092010498046875,9,0.0003139972686767578,9,0.00591278076171875
128,9,0.018750905990600586,9,0.00958395004272461,9,0.00037598609924316406,10,0.0066051483154296875
129,8,0.017566919326782227,9,0.00933694839477539,8,0.00035119056701660156,9,0.006300926208496094
130,9,0.015244007110595703,10,0.006566286087036133,10,0.0003211498260498047,11,0.005715847015380859
131,9,0.018398046493530273,9,0.008183002471923828,9,0.00036716461181640625,12,0.0066297054290771484
132,10,0.016727924346923828,10,0.005834102630615234,10,0.00035881996154785156,11,0.006300926208496094
133,10,0.01738905906677246,10,0.0064771175384521484,10,0.0003781318664550781,11,0.006100893020629883
134,8,0.01790785789489746,8,0.01300191879272461,8,0.000347137451171875,9,0.006460905075073242
135,9,0.01677703857421875,10,0.007526874542236328,9,0.00032591819763183594,11,0.006284952163696289
136,8,0.017388105392456055,9,0.009798765182495117,9,0.00036215782165527344,11,0.007261991500854492
137,8,0.01993417739868164,8,0.011922121047973633,8,0.00039386749267578125,9,0.007439851760864258
138,10,0.017444133758544922,10,0.0073719024658203125,10,0.00035881996154785156,11,0.0062639713287353516
139,9,0.017727136611938477,9,0.010953187942504883,9,0.00034928321838378906,11,0.006611824035644531
140,7,0.018009185791015625,8,0.009909868240356445,7,0.0003380775451660156,10,0.006985902786254883
141,9,0.017310142517089844,10,0.006876945495605469,9,0.00035691261291503906,10,0.006658077239990234
142,9,0.017416954040527344,10,0.00677490234375,9,0.0003497600555419922,11,0.006198883056640625
143,9,0.017121076583862305,9,0.007985115051269531,9,0.0003600120544433594,10,0.006415128707885742
144,9,0.016433000564575195,10,0.006970882415771484,9,0.0003216266632080078,10,0.006220102310180664
145,9,0.017352819442749023,9,0.007489919662475586,9,0.00032806396484375,11,0.006173372268676758
146,9,0.017328977584838867,9,0.007693052291870117,9,0.0003528594970703125,10,0.006311893463134766
147,10,0.015343189239501953,10,0.005655050277709961,10,0.0002951622009277344,10,0.005773782730102539
148,9,0.017375946044921875,9,0.008482933044433594,9,0.0003402233123779297,10,0.006445169448852539
149,9,0.01628279685974121,9,0.008401870727539062,9,0.00030303001403808594,11,0.0058307647705078125
150,11,0.014837980270385742,11,0.0051958560943603516,11,0.000308990478515625,13,0.0060291290283203125
151,8,0.017226696014404297,9,0.008594989776611328,8,0.0004458427429199219,11,0.0062520503997802734
152,9,0.018069028854370117,9,0.008932113647460938,9,0.0004591941833496094,10,0.006446123123168945
153,8,0.018043994903564453,9,0.0072650909423828125,9,0.0005497932434082031,10,0.006208896636962891
154,9,0.017472028732299805,9,0.012192964553833008,9,0.0006351470947265625,10,0.0062639713287353516
155,8,0.017678022384643555,8,0.009709835052490234,8,0.00035881996154785156,10,0.006312847137451172
156,8,0.018831968307495117,9,0.009054183959960938,9,0.0005359649658203125,10,0.006688117980957031
157,7,0.019566059112548828,8,0.011293888092041016,7,0.00038909912109375,11,0.0068149566650390625
158,8,0.018490076065063477,9,0.009310007095336914,8,0.00035881996154785156,10,0.00673985481262207
159,10,0.017408132553100586,10,0.006715059280395508,10,0.00036716461181640625,12,0.006277799606323242
160,8,0.017937898635864258,8,0.008831977844238281,8,0.0004909038543701172,12,0.006278038024902344
161,9,0.016710281372070312,9,0.008663177490234375,9,0.00045800209045410156,10,0.0062062740325927734
162,9,0.01740884780883789,10,0.006551027297973633,9,0.00034809112548828125,11,0.0062351226806640625
163,8,0.01746988296508789,9,0.008067846298217773,8,0.0003399848937988281,9,0.006706953048706055
164,8,0.017971277236938477,9,0.0069348812103271484,9,0.0004611015319824219,11,0.0064318180084228516
165,10,0.0162200927734375,10,0.006191253662109375,10,0.0003390312194824219,11,0.005757808685302734
166,8,0.01938009262084961,8,0.01018214225769043,8,0.0003788471221923828,11,0.006592988967895508
167,9,0.01781606674194336,9,0.009312152862548828,9,0.00037097930908203125,10,0.006432771682739258
168,10,0.017062902450561523,10,0.005939960479736328,10,0.00035500526428222656,10,0.006048917770385742
169,9,0.017172813415527344,10,0.005378007888793945,10,0.0003631114959716797,11,0.006128787994384766
170,8,0.018755197525024414,9,0.008102893829345703,8,0.00037980079650878906,11,0.006664276123046875
171,9,0.01639580726623535,10,0.006059885025024414,9,0.0003383159637451172,10,0.005853891372680664
172,9,0.017261743545532227,9,0.008301019668579102,9,0.0003502368927001953,10,0.006289005279541016
173,9,0.01734614372253418,9,0.0090789794921875,9,0.00035500526428222656,10,0.006209850311279297
174,9,0.017446041107177734,9,0.0076541900634765625,9,0.0003559589385986328,10,0.006083011627197266
175,9,0.017149925231933594,10,0.006781816482543945,10,0.00037479400634765625,9,0.005918979644775391
176,9,0.019485950469970703,9,0.008246898651123047,9,0.0003769397735595703,11,0.006428956985473633
177,9,0.01764512062072754,9,0.010107040405273438,9,0.00034809112548828125,11,0.006151914596557617
178,8,0.017802953720092773,9,0.00900721549987793,8,0.0003380775451660156,10,0.00606989860534668
179,9,0.016674041748046875,9,0.007442951202392578,9,0.0003228187561035156,10,0.0062408447265625
180,9,0.01773691177368164,9,0.00690007209777832,9,0.0003528594970703125,10,0.0064029693603515625
181,9,0.016255855560302734,10,0.0073168277740478516,10,0.00035500526428222656,10,0.005897045135498047
182,8,0.01934218406677246,8,0.010370016098022461,8,0.0003688335418701172,10,0.006577014923095703
183,9,0.017544984817504883,9,0.00957798957824707,9,0.0003802776336669922,11,0.0067141056060791016
184,9,0.01657700538635254,9,0.007036924362182617,9,0.0003151893615722656,11,0.005960941314697266
185,8,0.01835489273071289,10,0.007761716842651367,8,0.0003578662872314453,11,0.006431102752685547
186,7,0.01837611198425293,7,0.016679048538208008,7,0.000347137451171875,10,0.006472349166870117
187,10,0.016331195831298828,10,0.00797581672668457,10,0.00032806396484375,10,0.00601506233215332
188,7,0.01830768585205078,8,0.010622978210449219,7,0.00033783912658691406,10,0.006886005401611328
189,10,0.017151832580566406,11,0.005012035369873047,11,0.0003981590270996094,11,0.006329059600830078
190,9,0.016493797302246094,9,0.00881195068359375,9,0.00032210350036621094,10,0.006022214889526367
191,9,0.016906023025512695,9,0.00626826286315918,9,0.00032806396484375,9,0.0060596466064453125
192,9,0.016766071319580078,10,0.008307218551635742,9,0.0003478527069091797,9,0.0060961246490478516
193,8,0.01866912841796875,9,0.010569095611572266,8,0.0003650188446044922,11,0.006452798843383789
194,9,0.017251014709472656,9,0.007431983947753906,9,0.0003399848937988281,10,0.00624394416809082
195,10,0.015823841094970703,10,0.006654024124145508,10,0.0003120899200439453,10,0.00630497932434082
196,9,0.016691923141479492,10,0.0059070587158203125,9,0.0003428459167480469,10,0.006113767623901367
197,8,0.01869487762451172,8,0.012511968612670898,8,0.0004343986511230469,10,0.006747245788574219
198,8,0.018219947814941406,9,0.007709980010986328,8,0.00034999847412109375,10,0.006368160247802734
199,10,0.01764512062072754,10,0.006536960601806641,10,0.0003437995910644531,14,0.006437063217163086
200,9,0.017879009246826172,9,0.007924795150756836,9,0.00032830238342285156,10,0.006082057952880859
201,9,0.019049882888793945,9,0.007714033126831055,9,0.00037097930908203125,9,0.006288051605224609
202,8,0.019695758819580078,8,0.009933948516845703,8,0.0003788471221923828,9,0.006891012191772461
203,9,0.0167391300201416,9,0.007324934005737305,9,0.0003190040588378906,10,0.0060672760009765625
204,9,0.018057823181152344,9,0.008021116256713867,9,0.0003452301025390625,10,0.0064008235931396484
205,10,0.016688108444213867,10,0.006629228591918945,10,0.0003447532653808594,10,0.0060672760009765625
206,9,0.017451047897338867,9,0.008233070373535156,9,0.0003199577331542969,12,0.006061077117919922
207,8,0.016886234283447266,9,0.008686065673828125,8,0.000324249267578125,10,0.006321907043457031
208,8,0.017274856567382812,9,0.009273052215576172,8,0.0003299713134765625,10,0.00634002685546875
209,9,0.016966819763183594,9,0.008932113647460938,9,0.00033211708068847656,11,0.006094217300415039
210,9,0.017017126083374023,9,0.008090019226074219,9,0.00032806396484375,10,0.00616908073425293
211,9,0.017914295196533203,9,0.009865999221801758,9,0.00038814544677734375,10,0.006380796432495117
212,9,0.01689291000366211,9,0.008453130722045898,9,0.00032401084899902344,11,0.006206989288330078
213,9,0.01876688003540039,9,0.007614850997924805,9,0.00037598609924316406,9,0.006448030471801758
214,8,0.018117904663085938,8,0.009690999984741211,8,0.00035381317138671875,10,0.006393909454345703
215,10,0.01542806625366211,10,0.0066530704498291016,10,0.0003173351287841797,12,0.006083965301513672
216,9,0.01846766471862793,9,0.006864786148071289,9,0.0003631114959716797,10,0.006448984146118164
217,9,0.015883922576904297,9,0.007666110992431641,9,0.0003147125244140625,9,0.005858182907104492
218,9,0.016000986099243164,9,0.008144855499267578,9,0.000308990478515625,10,0.0059719085693359375
219,9,0.017426013946533203,9,0.0093841552734375,9,0.0003409385681152344,10,0.0060291290283203125
220,8,0.018280982971191406,8,0.011607646942138672,8,0.0003628730773925781,10,0.006655216217041016
221,9,0.017475128173828125,10,0.007578134536743164,9,0.00034689903259277344,10,0.006440162658691406
222,10,0.01802968978881836,10,0.00644993782043457,10,0.0003781318664550781,12,0.006298065185546875
223,8,0.018116235733032227,8,0.012589216232299805,8,0.0003337860107421875,10,0.006339073181152344
224,9,0.018101930618286133,9,0.00912022590637207,9,0.00035119056701660156,10,0.0063419342041015625
225,7,0.017776012420654297,9,0.007958173751831055,8,0.0003750324249267578,11,0.0066661834716796875
226,8,0.01889204978942871,8,0.01360630989074707,8,0.0003790855407714844,9,0.00654292106628418
227,8,0.016759157180786133,9,0.008362054824829102,8,0.0003037452697753906,9,0.005966901779174805
228,9,0.016259193420410156,10,0.007612943649291992,10,0.00033211708068847656,11,0.006364107131958008
229,10,0.01761627197265625,10,0.0061151981353759766,10,0.0003662109375,9,0.0065097808837890625
230,10,0.016312122344970703,11,0.0060880184173583984,10,0.0003349781036376953,11,0.005979061126708984
231,9,0.016714096069335938,9,0.008411169052124023,9,0.00031304359436035156,10,0.00629878044128418
232,9,0.019481182098388672,9,0.008751869201660156,9,0.00037097930908203125,9,0.006761074066162109
233,8,0.01927781105041504,8,0.014829874038696289,8,0.00035381317138671875,9,0.006321907043457031
234,8,0.016464710235595703,8,0.012206077575683594,8,0.0003139972686767578,12,0.006209850311279297
235,9,0.017384052276611328,9,0.010918855667114258,9,0.00032901763916015625,11,0.006473064422607422
236,9,0.017874956130981445,9,0.010058879852294922,9,0.00033402442932128906,11,0.006172895431518555
237,10,0.01788806915283203,10,0.006696939468383789,10,0.0003552436828613281,11,0.006494998931884766
238,10,0.016221046447753906,10,0.0069501399993896484,10,0.0003120899200439453,11,0.006045103073120117
239,9,0.01728200912475586,9,0.00886392593383789,9,0.00034880638122558594,9,0.006192922592163086
240,7,0.020028114318847656,7,0.017853975296020508,7,0.00035190582275390625,10,0.006860971450805664
241,10,0.015915870666503906,11,0.005143880844116211,10,0.0003142356872558594,11,0.0059621334075927734
242,9,0.018611907958984375,9,0.00734400749206543,9,0.00037097930908203125,10,0.0066831111907958984
243,9,0.01735377311706543,9,0.008334875106811523,9,0.0003139972686767578,10,0.006245851516723633
244,9,0.017874956130981445,9,0.009936094284057617,9,0.00035691261291503906,10,0.006180286407470703
245,9,0.018209218978881836,9,0.007149934768676758,9,0.00034689903259277344,11,0.006237030029296875
246,10,0.01738429069519043,10,0.00793600082397461,10,0.0003452301025390625,10,0.006356000900268555
247,8,0.01751089096069336,8,0.011992216110229492,8,0.00032520294189453125,10,0.006368160247802734
248,9,0.016450881958007812,9,0.00969386100769043,9,0.000308990478515625,11,0.005965232849121094
249,8,0.01825118064880371,9,0.008714914321899414,9,0.0004782676696777344,10,0.00636601448059082
250,8,0.01769089698791504,9,0.010163068771362305,8,0.0003190040588378906,10,0.006381034851074219
251,8,0.01723504066467285,8,0.010844230651855469,8,0.00032782554626464844,9,0.006369829177856445
252,8,0.016379117965698242,8,0.011198997497558594,8,0.00030612945556640625,11,0.006250858306884766
253,8,0.018285036087036133,8,0.012060880661010742,8,0.00032782554626464844,10,0.006438016891479492
254,10,0.016666173934936523,10,0.006014108657836914,10,0.00033092498779296875,9,0.0060079097747802734
255,8,0.018772125244140625,8,0.01124715805053711,8,0.0003399848937988281,10,0.006502866744995117
256,10,0.017065763473510742,10,0.007027864456176758,10,0.00033092498779296875,10,0.006021976470947266
257,8,0.017449140548706055,9,0.008954286575317383,8,0.00031828880310058594,10,0.0061147212982177734
258,8,0.01725316047668457,9,0.007958173751831055,9,0.0003609657287597656,9,0.0062220096588134766
259,8,0.018333911895751953,8,0.010169744491577148,8,0.0003490447998046875,10,0.0062868595123291016
260,10,0.016529083251953125,10,0.006512880325317383,10,0.00031375885009765625,10,0.0059299468994140625
261,8,0.017175912857055664,9,0.01032400131225586,8,0.00030994415283203125,10,0.0061991214752197266
262,8,0.019723892211914062,8,0.012544870376586914,8,0.0003609657287597656,10,0.0068700313568115234
263,10,0.01903223991394043,10,0.0069577693939208984,10,0.0003921985626220703,10,0.006646871566772461
264,9,0.017217159271240234,9,0.008453845977783203,9,0.00033593177795410156,12,0.006513833999633789
265,8,0.01758885383605957,9,0.008825063705444336,8,0.0003139972686767578,10,0.006048917770385742
266,10,0.017215967178344727,10,0.0078029632568359375,10,0.00033402442932128906,11,0.006005048751831055
267,9,0.01736283302307129,9,0.008448123931884766,9,0.0003230571746826172,10,0.006360054016113281
268,9,0.017280101776123047,10,0.0061571598052978516,10,0.0003600120544433594,11,0.006243228912353516
269,9,0.016035795211791992,10,0.006696939468383789,9,0.00031304359436035156,10,0.005924224853515625
270,7,0.018375873565673828,8,0.011474847793579102,7,0.00032401084899902344,11,0.0066301822662353516
271,8,0.01839923858642578,8,0.009990215301513672,8,0.0003540515899658203,11,0.006590843200683594
272,9,0.016911029815673828,9,0.0076448917388916016,9,0.00032591819763183594,9,0.0061299800872802734
273,8,0.018084049224853516,8,0.012367010116577148,8,0.0003371238708496094,10,0.006382942199707031
274,9,0.01589798927307129,10,0.006299018859863281,9,0.0002961158752441406,11,0.005816221237182617
275,10,0.016868114471435547,10,0.006677865982055664,10,0.00033473968505859375,11,0.0062220096588134766
276,8,0.01782679557800293,8,0.010877132415771484,8,0.00032830238342285156,10,0.006491184234619141
277,10,0.01742386817932129,10,0.007284879684448242,10,0.0003578662872314453,12,0.006599903106689453
278,9,0.01633620262145996,9,0.009186983108520508,9,0.0003180503845214844,10,0.006448984146118164
279,9,0.018146991729736328,10,0.006618022918701172,9,0.0003631114959716797,10,0.0064389705657958984
280,8,0.018073081970214844,9,0.007745981216430664,8,0.0003180503845214844,10,0.006400108337402344
281,8,0.019370079040527344,9,0.009113073348999023,8,0.00033783912658691406,11,0.006493091583251953
282,9,0.01907491683959961,9,0.008769989013671875,9,0.0004680156707763672,9,0.006675004959106445
283,8,0.01587510108947754,10,0.007261991500854492,8,0.000286102294921875,12,0.0060269832611083984
284,7,0.018511056900024414,8,0.012047767639160156,7,0.0003311634063720703,9,0.006239891052246094
285,8,0.01854228973388672,8,0.011687040328979492,8,0.000347137451171875,11,0.006432771682739258
286,10,0.01652383804321289,10,0.006618022918701172,10,0.00033783912658691406,11,0.006219148635864258
287,9,0.015825986862182617,10,0.00750732421875,10,0.0003211498260498047,10,0.005849123001098633
288,9,0.017673254013061523,9,0.008428812026977539,9,0.0003478527069091797,10,0.006340980529785156
289,9,0.018397092819213867,9,0.00872492790222168,9,0.0003521442413330078,9,0.0061838626861572266
290,9,0.016775131225585938,9,0.008823156356811523,9,0.00031685829162597656,12,0.006116151809692383
291,10,0.018072128295898438,10,0.006123065948486328,10,0.0003731250762939453,10,0.006349086761474609
292,9,0.01774311065673828,10,0.007029056549072266,9,0.0003151893615722656,12,0.006312847137451172
293,10,0.017093896865844727,10,0.006342887878417969,10,0.0003159046173095703,11,0.006132841110229492
294,9,0.01765608787536621,9,0.009362936019897461,9,0.0003256797790527344,11,0.00631403923034668
295,8,0.017956018447875977,8,0.010332345962524414,8,0.0003349781036376953,10,0.006381034851074219
296,9,0.017668962478637695,9,0.007800102233886719,9,0.0003521442413330078,10,0.0062847137451171875
297,10,0.01604318618774414,10,0.005326986312866211,10,0.0003058910369873047,10,0.005961894989013672
298,9,0.01849818229675293,9,0.007581949234008789,9,0.0003409385681152344,12,0.006441831588745117
299,9,0.016859054565429688,9,0.010182857513427734,9,0.0003859996795654297,11,0.0068700313568115234
300,9,0.017110109329223633,9,0.006960868835449219,9,0.00031495094299316406,11,0.00641179084777832
301,9,0.016922950744628906,9,0.009209871292114258,9,0.0003199577331542969,10,0.006175041198730469
302,9,0.016818761825561523,9,0.009320974349975586,9,0.00032210350036621094,10,0.006018161773681641
303,8,0.019441843032836914,8,0.012648820877075195,8,0.00037789344787597656,10,0.006931781768798828
304,9,0.016442060470581055,9,0.009132146835327148,9,0.0002989768981933594,11,0.00603795051574707
305,9,0.017313003540039062,9,0.007686138153076172,9,0.0003161430358886719,10,0.006288051605224609
306,11,0.015605926513671875,11,0.004700899124145508,11,0.000308990478515625,11,0.005776882171630859
307,9,0.01638317108154297,9,0.008056640625,9,0.00030684471130371094,11,0.006000995635986328
308,10,0.01619410514831543,10,0.00693511962890625,10,0.00041103363037109375,13,0.00590205192565918
309,8,0.017550945281982422,8,0.010383844375610352,8,0.00034117698669433594,11,0.006315946578979492
310,8,0.01778411865234375,10,0.006824970245361328,8,0.0003178119659423828,12,0.006605863571166992
311,8,0.017295122146606445,9,0.008854150772094727,8,0.0003151893615722656,12,0.006682872772216797
312,9,0.016910076141357422,9,0.009360074996948242,9,0.0003428459167480469,9,0.00606989860534668
313,9,0.016881942749023438,10,0.0075228214263916016,10,0.0003559589385986328,10,0.0061419010162353516
314,8,0.018733978271484375,8,0.010114669799804688,8,0.0003540515899658203,10,0.006409168243408203
315,8,0.018053054809570312,8,0.010352849960327148,8,0.00033283233642578125,10,0.006561994552612305
316,9,0.01731729507446289,9,0.008199930191040039,9,0.0003380775451660156,10,0.0062558650970458984
317,9,0.01757216453552246,9,0.007946968078613281,9,0.0003299713134765625,11,0.006548881530761719
318,9,0.017524003982543945,9,0.008408069610595703,9,0.0003256797790527344,11,0.006263017654418945
319,8,0.017640113830566406,9,0.007456064224243164,9,0.00035691261291503906,12,0.006624937057495117
320,9,0.01681995391845703,9,0.007200002670288086,9,0.0003199577331542969,10,0.006092071533203125
321,9,0.016845703125,9,0.006936073303222656,9,0.00032806396484375,9,0.006158113479614258
322,9,0.018124103546142578,9,0.009579658508300781,9,0.0003437995910644531,10,0.006543874740600586
323,8,0.018746137619018555,8,0.010387182235717773,8,0.0003628730773925781,10,0.00658726692199707
324,8,0.016845226287841797,9,0.007431983947753906,9,0.000408172607421875,10,0.006133079528808594
325,9,0.0186159610748291,9,0.008301019668579102,9,0.0003590583801269531,11,0.006734132766723633
326,8,0.017786026000976562,10,0.007033109664916992,8,0.0003330707550048828,10,0.006515026092529297
327,8,0.01772904396057129,8,0.010844945907592773,8,0.0003211498260498047,11,0.0066149234771728516
328,10,0.017135143280029297,10,0.00654911994934082,10,0.0003399848937988281,11,0.006049633026123047
329,9,0.017760038375854492,9,0.007998228073120117,9,0.0003490447998046875,11,0.006381034851074219
330,8,0.01752495765686035,9,0.010418176651000977,8,0.0003027915954589844,10,0.006237983703613281
331,9,0.016829729080200195,9,0.010627031326293945,9,0.00029730796813964844,10,0.006016969680786133
332,9,0.018224000930786133,9,0.008073091506958008,9,0.0003299713134765625,10,0.006189107894897461
333,9,0.018243789672851562,9,0.0067119598388671875,9,0.00034928321838378906,10,0.0062792301177978516
334,8,0.017894268035888672,9,0.007595062255859375,8,0.0003249645233154297,11,0.006453990936279297
335,10,0.015485048294067383,11,0.004425048828125,10,0.0002980232238769531,10,0.0057489871978759766
336,7,0.018917322158813477,8,0.010694026947021484,7,0.0003421306610107422,11,0.0066471099853515625
337,10,0.017686128616333008,10,0.007192850112915039,10,0.00034689903259277344,10,0.006552934646606445
338,8,0.018451213836669922,8,0.011593818664550781,8,0.00034499168395996094,10,0.006493330001831055
339,9,0.017386198043823242,9,0.009908914566040039,9,0.0003330707550048828,11,0.006529092788696289
340,8,0.019336938858032227,8,0.010165929794311523,8,0.0003657341003417969,9,0.006769895553588867
341,8,0.017774105072021484,8,0.015006780624389648,8,0.0003142356872558594,9,0.006156206130981445
342,8,0.01660323143005371,9,0.007622241973876953,8,0.0003159046173095703,10,0.006188154220581055
343,9,0.016211986541748047,9,0.008608102798461914,9,0.0003180503845214844,11,0.0061740875244140625
344,9,0.017277956008911133,10,0.006659269332885742,10,0.0003590583801269531,11,0.006276845932006836
345,8,0.018758773803710938,9,0.00855112075805664,8,0.0003628730773925781,11,0.006783962249755859
346,10,0.018121957778930664,10,0.009063005447387695,10,0.0003809928894042969,10,0.006440162658691406
347,9,0.018701791763305664,9,0.010401248931884766,9,0.0003631114959716797,11,0.00651097297668457
348,8,0.019105911254882812,8,0.010194063186645508,8,0.0003509521484375,10,0.006579875946044922
349,8,0.018565893173217773,8,0.011265039443969727,8,0.0003418922424316406,10,0.006407976150512695
350,8,0.017886877059936523,8,0.012332677841186523,8,0.0003170967102050781,11,0.006471872329711914
351,8,0.01820516586303711,8,0.01089787483215332,8,0.00031304359436035156,13,0.006453990936279297
352,10,0.016408205032348633,10,0.007105112075805664,10,0.00033593177795410156,10,0.0058917999267578125
353,8,0.017348051071166992,9,0.009011983871459961,8,0.0003330707550048828,10,0.006185054779052734
354,9,0.01729106903076172,10,0.006824016571044922,9,0.0003268718719482422,10,0.006056785583496094
355,8,0.01745891571044922,9,0.008153915405273438,8,0.0003120899200439453,10,0.006103038787841797
356,8,0.018143892288208008,8,0.0121917724609375,8,0.0003712177276611328,11,0.0065250396728515625
357,9,0.01675271987915039,9,0.008687019348144531,9,0.00032019615173339844,9,0.0061910152435302734
358,8,0.018244266510009766,9,0.008337736129760742,8,0.0003535747528076172,11,0.006443023681640625
359,9,0.017229080200195312,9,0.007781028747558594,9,0.0003409385681152344,11,0.006326913833618164
360,8,0.01877307891845703,8,0.009492158889770508,8,0.0003871917724609375,10,0.006422996520996094
361,9,0.016947031021118164,9,0.008366823196411133,9,0.00030994415283203125,9,0.0059812068939208984
362,9,0.017085790634155273,9,0.008578777313232422,9,0.00032019615173339844,10,0.005974769592285156
363,8,0.016748666763305664,9,0.009089946746826172,8,0.0002949237823486328,10,0.0058422088623046875
364,8,0.0184478759765625,9,0.007292985916137695,8,0.000331878662109375,9,0.00625920295715332
365,10,0.018018007278442383,10,0.007722139358520508,10,0.00035881996154785156,11,0.00631403923034668
366,9,0.017792940139770508,9,0.00818490982055664,9,0.0003452301025390625,11,0.0067059993743896484
367,7,0.02007913589477539,8,0.01055908203125,7,0.00036787986755371094,10,0.0066950321197509766
368,9,0.01754903793334961,9,0.007515907287597656,9,0.00033092498779296875,12,0.006345987319946289
369,8,0.019623994827270508,8,0.010306119918823242,8,0.00036597251892089844,10,0.006782054901123047
370,8,0.01937580108642578,8,0.009447336196899414,8,0.000354766845703125,10,0.006937742233276367
371,8,0.018410921096801758,9,0.009614706039428711,8,0.00031495094299316406,13,0.006381988525390625
372,8,0.019082069396972656,9,0.007155895233154297,8,0.00033092498779296875,10,0.0062830448150634766
373,8,0.017374038696289062,9,0.008957862854003906,8,0.00032591819763183594,10,0.0060939788818359375
374,9,0.017893075942993164,9,0.00748896598815918,9,0.0003287792205810547,9,0.0059850215911865234
375,8,0.018815040588378906,9,0.008464336395263672,9,0.00037384033203125,11,0.006508827209472656
376,9,0.017029285430908203,9,0.007812023162841797,9,0.0003070831298828125,12,0.006170988082885742
377,9,0.018546104431152344,9,0.010865926742553711,9,0.0003597736358642578,9,0.006562709808349609
378,9,0.015987157821655273,9,0.009490966796875,9,0.0003001689910888672,11,0.0062122344970703125
379,10,0.01770186424255371,10,0.006602048873901367,10,0.0003383159637451172,10,0.006165027618408203
380,9,0.01852703094482422,9,0.00912785530090332,9,0.0003337860107421875,10,0.006283760070800781
381,8,0.01633310317993164,9,0.007967948913574219,9,0.00033211708068847656,12,0.0061130523681640625
382,9,0.01741480827331543,9,0.0068378448486328125,9,0.00034999847412109375,11,0.006426095962524414
383,10,0.017514944076538086,10,0.007916927337646484,10,0.0003540515899658203,10,0.006440162658691406
384,8,0.016281843185424805,9,0.010052204132080078,8,0.00029397010803222656,11,0.006061077117919922
385,10,0.014775991439819336,10,0.0053179264068603516,10,0.0002830028533935547,11,0.0057048797607421875
386,10,0.01723480224609375,10,0.006186962127685547,10,0.0003399848937988281,10,0.006468057632446289
387,8,0.01786208152770996,8,0.011054277420043945,8,0.00032782554626464844,10,0.006396293640136719
388,9,0.017771005630493164,9,0.006832122802734375,9,0.00033211708068847656,10,0.006304025650024414
389,10,0.018252134323120117,10,0.0066831111907958984,10,0.00040602684020996094,9,0.00613093376159668
390,9,0.01647162437438965,9,0.007661104202270508,9,0.0003218650817871094,10,0.005957841873168945
391,8,0.016717910766601562,9,0.006830692291259766,8,0.00031304359436035156,12,0.0062448978424072266
392,8,0.01743006706237793,8,0.010518074035644531,8,0.0003190040588378906,12,0.006290912628173828
393,9,0.018112897872924805,10,0.008471965789794922,10,0.0003650188446044922,11,0.006238222122192383
394,9,0.018157958984375,9,0.00958395004272461,9,0.0003566741943359375,9,0.0064771175384521484
395,9,0.016237974166870117,9,0.007291078567504883,9,0.000308990478515625,12,0.00623321533203125
396,9,0.01754021644592285,9,0.00689387321472168,9,0.00032329559326171875,12,0.006259918212890625
397,9,0.01739215850830078,9,0.008623123168945312,9,0.00043272972106933594,9,0.006506919860839844
398,9,0.018575668334960938,9,0.007613182067871094,9,0.00034809112548828125,10,0.006318092346191406
399,9,0.018826961517333984,9,0.007627964019775391,9,0.0003578662872314453,10,0.006411075592041016
400,8,0.0187530517578125,9,0.008485078811645508,8,0.0003459453582763672,9,0.006177186965942383
401,10,0.017781972885131836,10,0.007101297378540039,10,0.0003581047058105469,10,0.0066950321197509766
402,11,0.016293048858642578,11,0.005160808563232422,11,0.00032210350036621094,11,0.00575709342956543
403,9,0.019092798233032227,9,0.008707046508789062,9,0.00041985511779785156,10,0.00678563117980957
404,9,0.01563119888305664,10,0.005907297134399414,9,0.00029015541076660156,11,0.005811929702758789
405,9,0.01764202117919922,10,0.006557941436767578,9,0.0003409385681152344,12,0.006528139114379883
406,8,0.01933002471923828,9,0.00798797607421875,8,0.00037097930908203125,9,0.0065081119537353516
407,8,0.019112825393676758,9,0.008889913558959961,8,0.00035500526428222656,9,0.006485939025878906
408,9,0.017431974411010742,9,0.007537841796875,9,0.0003249645233154297,10,0.006381034851074219
409,9,0.017477989196777344,9,0.00944209098815918,9,0.0003199577331542969,11,0.0063419342041015625
410,9,0.015642881393432617,9,0.010046005249023438,9,0.0002880096435546875,10,0.005794048309326172
411,9,0.016804933547973633,9,0.007396221160888672,9,0.0003261566162109375,11,0.006367921829223633
412,9,0.016482830047607422,9,0.007945060729980469,9,0.00030303001403808594,10,0.0060269832611083984
413,8,0.017720937728881836,9,0.008231163024902344,9,0.0003561973571777344,11,0.0064280033111572266
414,9,0.017756938934326172,9,0.008949041366577148,9,0.00033020973205566406,9,0.006150960922241211
415,9,0.016740798950195312,10,0.006796121597290039,9,0.00032806396484375,13,0.006352901458740234
416,10,0.016996145248413086,10,0.006697893142700195,10,0.0003399848937988281,11,0.006684303283691406
417,9,0.017355918884277344,9,0.007148027420043945,9,0.00033211708068847656,10,0.006329774856567383
418,9,0.017764806747436523,9,0.0066928863525390625,9,0.0003268718719482422,11,0.006249904632568359
419,9,0.01688694953918457,10,0.006930351257324219,9,0.0003342628479003906,10,0.0062520503997802734
420,9,0.016119003295898438,10,0.006334781646728516,10,0.0003299713134765625,11,0.0059511661529541016
421,9,0.018235206604003906,9,0.010564088821411133,9,0.00038814544677734375,9,0.006167888641357422
422,9,0.016741037368774414,10,0.006768941879272461,9,0.0003070831298828125,12,0.0061380863189697266
423,8,0.01864337921142578,8,0.012015104293823242,8,0.00035500526428222656,10,0.00648808479309082
424,8,0.017704010009765625,10,0.006360054016113281,9,0.0003540515899658203,10,0.006574153900146484
425,9,0.01838517189025879,9,0.00873422622680664,9,0.00030994415283203125,9,0.005845069885253906
426,9,0.01706385612487793,9,0.0077152252197265625,9,0.0003199577331542969,12,0.0060999393463134766
427,9,0.017538070678710938,9,0.008908987045288086,9,0.00033211708068847656,10,0.006141185760498047
428,10,0.01843094825744629,10,0.007740974426269531,10,0.00037097930908203125,11,0.006424903869628906
429,9,0.018848657608032227,9,0.00801706314086914,9,0.00038313865661621094,11,0.006736040115356445
430,8,0.016930103302001953,9,0.0068509578704833984,8,0.0003962516784667969,12,0.006306171417236328
431,9,0.01799297332763672,9,0.008038997650146484,9,0.0003459453582763672,9,0.006395816802978516
432,9,0.0186769962310791,10,0.00640106201171875,9,0.0003676414489746094,10,0.006577730178833008
433,9,0.017710208892822266,9,0.008963823318481445,9,0.0003440380096435547,10,0.0062580108642578125
434,8,0.019224882125854492,9,0.008416175842285156,9,0.00038886070251464844,10,0.0068817138671875
435,10,0.016425132751464844,10,0.0061740875244140625,10,0.0003082752227783203,9,0.005838155746459961
436,8,0.01823902130126953,8,0.011639118194580078,8,0.0003409385681152344,11,0.006273031234741211
437,8,0.01838374137878418,8,0.010682821273803711,8,0.0003612041473388672,9,0.006452083587646484
438,10,0.017416954040527344,10,0.006515979766845703,10,0.0003421306610107422,11,0.0062868595123291016
439,9,0.01633906364440918,9,0.007277011871337891,9,0.0003108978271484375,11,0.006116151809692383
440,8,0.01768016815185547,8,0.009322881698608398,8,0.00032806396484375,10,0.006318092346191406
441,9,0.01740717887878418,9,0.010391950607299805,9,0.00033092498779296875,11,0.006532907485961914
442,9,0.017460107803344727,9,0.007955074310302734,9,0.00033926963806152344,12,0.006304025650024414
443,9,0.016907930374145508,10,0.005283832550048828,9,0.0003161430358886719,11,0.006170988082885742
444,8,0.01868891716003418,8,0.011021614074707031,8,0.0003578662872314453,11,0.006658077239990234
445,9,0.016835927963256836,9,0.009640932083129883,9,0.0003249645233154297,10,0.005957126617431641
446,9,0.016802072525024414,9,0.00835108757019043,9,0.000308990478515625,10,0.005983114242553711
447,8,0.017726898193359375,9,0.010206222534179688,9,0.00037384033203125,11,0.006400108337402344
448,8,0.016373872756958008,9,0.00904703140258789,8,0.00028896331787109375,10,0.005876064300537109
449,8,0.0187990665435791,8,0.010514020919799805,8,0.0003390312194824219,11,0.006669044494628906
450,10,0.01664423942565918,11,0.006051063537597656,11,0.000354766845703125,11,0.00648808479309082
451,9,0.01680302619934082,9,0.009908914566040039,9,0.00032210350036621094,10,0.006443977355957031
452,8,0.01645493507385254,9,0.011577844619750977,9,0.0003249645233154297,11,0.006124019622802734
453,9,0.016127347946166992,10,0.007329225540161133,10,0.00037407875061035156,11,0.0060291290283203125
454,9,0.017265796661376953,9,0.008513689041137695,9,0.00041294097900390625,11,0.00638580322265625
455,9,0.01670241355895996,9,0.008415937423706055,9,0.0003142356872558594,10,0.00626683235168457
456,8,0.017342805862426758,9,0.00973200798034668,8,0.0003120899200439453,10,0.006335020065307617
457,9,0.01619410514831543,10,0.0061609745025634766,9,0.0002989768981933594,11,0.006000995635986328
458,8,0.017807722091674805,8,0.01193690299987793,8,0.0003261566162109375,9,0.006483793258666992
459,9,0.01786017417907715,9,0.007930994033813477,9,0.00034689903259277344,10,0.006381034851074219
460,8,0.018207073211669922,9,0.009131908416748047,9,0.0003681182861328125,10,0.006330013275146484
461,9,0.016492843627929688,9,0.00928497314453125,9,0.0003190040588378906,11,0.006453990936279297
462,9,0.01775217056274414,10,0.00574493408203125,9,0.0003418922424316406,10,0.006304025650024414
463,9,0.017268896102905273,9,0.009171009063720703,9,0.0003421306610107422,10,0.006533145904541016
464,9,0.017201900482177734,9,0.008336067199707031,9,0.00033092498779296875,9,0.006345033645629883
465,8,0.019389867782592773,8,0.009465932846069336,8,0.0003731250762939453,10,0.007325887680053711
466,8,0.018392086029052734,8,0.010854005813598633,8,0.00034928321838378906,10,0.006799936294555664
467,9,0.01681375503540039,10,0.00754094123840332,9,0.0002989768981933594,11,0.0061190128326416016
468,10,0.014990091323852539,10,0.007775306701660156,10,0.0002799034118652344,11,0.006227970123291016
469,9,0.018796205520629883,9,0.008028984069824219,9,0.0003600120544433594,10,0.006869077682495117
470,8,0.01743316650390625,9,0.008278846740722656,8,0.00032401084899902344,12,0.006610870361328125
471,9,0.017439842224121094,9,0.010464906692504883,9,0.00033783912658691406,11,0.006436824798583984
472,9,0.01588296890258789,10,0.006536006927490234,9,0.0003020763397216797,10,0.006134986877441406
473,9,0.0176851749420166,9,0.008334159851074219,9,0.0003452301025390625,11,0.00650787353515625
474,10,0.01568293571472168,10,0.005738973617553711,10,0.00037217140197753906,11,0.005934000015258789
475,10,0.01604771614074707,10,0.009041070938110352,10,0.00043082237243652344,12,0.006346940994262695
476,9,0.016028881072998047,9,0.007964849472045898,9,0.0004398822784423828,11,0.006348848342895508
477,8,0.017494916915893555,9,0.007781982421875,9,0.0004940032958984375,10,0.0064182281494140625
478,9,0.018162012100219727,9,0.007896184921264648,9,0.0003409385681152344,11,0.006354093551635742
479,9,0.016873836517333984,9,0.007687807083129883,9,0.0003142356872558594,11,0.006520986557006836
480,9,0.018075942993164062,9,0.008847236633300781,9,0.0003509521484375,10,0.006557941436767578
481,9,0.019098281860351562,9,0.010231971740722656,9,0.0003559589385986328,10,0.006423234939575195
482,8,0.015510082244873047,10,0.006829977035522461,8,0.0002911090850830078,9,0.005905866622924805
483,9,0.01695418357849121,9,0.00769495964050293,9,0.00032782554626464844,11,0.00630497932434082
484,9,0.016281843185424805,9,0.008267879486083984,9,0.0003161430358886719,10,0.0062198638916015625
485,9,0.017586946487426758,9,0.008890867233276367,9,0.0003840923309326172,10,0.0066699981689453125
486,9,0.01732015609741211,9,0.008878946304321289,9,0.00032901763916015625,12,0.006245851516723633
487,8,0.01850128173828125,9,0.010188102722167969,9,0.0003898143768310547,11,0.006821870803833008
488,9,0.01889514923095703,9,0.0076830387115478516,9,0.0003752708435058594,11,0.006917238235473633
489,8,0.018192052841186523,8,0.009948015213012695,8,0.0003478527069091797,10,0.006263017654418945
490,8,0.018640995025634766,8,0.009755134582519531,8,0.0003561973571777344,11,0.006473064422607422
491,9,0.01790595054626465,10,0.007647037506103516,9,0.00034689903259277344,12,0.006208896636962891
492,10,0.018121004104614258,10,0.0083160400390625,10,0.00037097930908203125,11,0.006513833999633789
493,10,0.016461849212646484,10,0.008524894714355469,10,0.00032210350036621094,11,0.006065845489501953
494,10,0.016615867614746094,10,0.006821870803833008,10,0.0003490447998046875,10,0.0058710575103759766
495,8,0.018080949783325195,8,0.009382009506225586,8,0.0003409385681152344,11,0.006434917449951172
496,8,0.01862311363220215,9,0.007714033126831055,8,0.000446319580078125,10,0.006559848785400391
497,10,0.01709604263305664,10,0.006413936614990234,10,0.0003941059112548828,9,0.00601506233215332
498,10,0.017700910568237305,10,0.005895137786865234,10,0.00037217140197753906,11,0.006365776062011719
499,9,0.015358209609985352,9,0.007318019866943359,9,0.0002779960632324219,11,0.0057027339935302734
